Type,Name,No. clicks,Visible?,Snapshot information
Image,woolworths.co.za/images/elasticera/content/landing_pages/Men_Longer_Landing_Banners/Generic_Category_Sale_36Hero.jpg,626,true,Week 36 - Men   •   http://www.woolworths.co.za/store/dept/Men/_/N-1z13s3n
Link,Clothing,502,true,"created 02-28-17   •   5 days 15 hours 50 mins   •   7525 visits, 7299 clicks"
Link,Shoes,341,true
Link,Shirts,295,false
Link,Trousers & Chinos,266,false
Link,Jackets & Coats,244,false
Image,woolworths.co.za/images.woolworthsstatic.co.za/WpzY1BwlfLYcFKAg2m3x52ZxUpgj,185,true
Image,woolworths.co.za/images.woolworthsstatic.co.za/Dwg@IuLSzympYCicxb4YcKdGo1kj,170,true
Link,Women,158,true
Form,Ntt,155,true
Link,Sleepwear & Underwear,149,true
Link,Men,148,true
Link,Suits,139,false
Image,woolworths.co.za/images.woolworthsstatic.co.za/rjt9wr$BdMuy0LH3@3umuAoT1Ckj,125,true
Link,Jeans,120,false
Link,Tops & Tees,120,false
Link,Smart Shoes,113,false
Image,woolworths.co.za/images.woolworthsstatic.co.za/ce$@I6k2juZxmCyvhb99FYFVRkUj,110,true
Link,Underwear,108,false
Image,woolworths.co.za/images.woolworthsstatic.co.za/hBufilG1QVuoIPsV84fcD54zxMQj,105,true
Link,SHOP SELECTED GOLFERS,98,true
Link,Knitwear,94,false
Link,Quality Sale,94,true
Link,Kids,92,true
Link,Accessories,91,true
Link,Bags & Wallets,84,false
Link,Shorts,79,false
Link,New Arrivals,77,false
Image,woolworths.co.za/images/elasticera/content/landing_pages/Men_Longer_Landing_Banners/country-road.png,75,true
Link,Food,73,true
Link,Show Men,70,false
Link,View All,70,true
Image,woolworths.co.za/images.woolworthsstatic.co.za/VASRhO8Y5epFAX3P1@cqSTxoEYgp,69,false
Link,Sleepwear,65,false
Link,Casual Shoes,62,false
Link,Shop selected tees,59,true
Image,woolworths.co.za/images/elasticera/content/landing_pages/Men_Longer_Landing_Banners/trenery.png,57,true
Link,Beauty,56,true
Link,Gifts,55,true
Link,Brands,50,true
Link,Slippers,46,false
Image,Upgrade your workwear,46,true
Image,woolworths.co.za/images.woolworthsstatic.co.za/yZzTXP$n2N5ptdMwuxpIB@r1iT4p,46,false
Link,Promotions,45,true
Link,SHOP SINGLE UNDERWEAR,44,true
Link,Homeware,41,true
Link,Boots,40,false
Link,New Arrivals,37,false
Link,Watches,37,false
Image,woolworths.co.za/images/elasticera/content/landing_pages/Men,37,true
Link,Belts,36,false
Link,Ties,34,false
Link,SHOP SELECTED SINGLE SOCKS,32,true
Link,Sandals,30,false
Link,Socks,30,false
Form,searchSubmit,29,true
Link,Country Road,27,false
Link,New Arrivals,26,false
Image,woolworths.co.za/images.woolworthsstatic.co.za/HTfEo$uZ1tMcc1v6oy2ZiPtXh60p,25,false
Link,Menu,21,false
Image,Soft Knit Hoodie,21,true
Link,Hats,20,false
Link,Baby,19,true
Text,Knitwear,19,false
Form,suburbId,19,false
Link,Swimwear,18,false
Form,province,18,false
Link,Delivering to Cape Town Central,17,true
Link,Thermal Underwear,17,false
Text,3 FOR 2 Golfers,16,true
Link,Men > Clothing > Trousers & Chinos,16,false
Link,Today with Woolies,16,true
Text,Buy 2 Plain Tees for R200,15,true
Link,Checkout,15,true
Link,Eyewear,15,false
Image,Mens Athleisure,15,true
Link,Trenery,15,false
Link,Leather,14,false
Link,Read More,14,true
Layout,Welcome FRANCES ELLENAccount DetailsMy OrdersMy ListsLogout Delivering to Cape Town Central Reserve,14,true
Text,WRewards3 FOR 2 GolfersSHOP SELECTED GOLFERS,13,true
Link,More Details,12,true
Text,WRewardsBuy 2 for R150SHOP SINGLE UNDERWEAR,12,true
Link,More Details,10,true
Form,Ntt,10,false
Text,Buy 2 for R150,9,true
Link,Handkerchiefs,9,false
Link,Jeans,9,false
Image,Mottled Hoodie,9,false
Link,Search,9,false
Image,Siya Beyile’s 5 key summer looks,9,true
Link,Suit Guide,9,false
Image,V-Neck Knit Pullover,9,true
Link,WRewards,9,false
Text,WRewards3 FOR 2 SocksSHOP SELECTED SINGLE SOCKS,9,true
Link,Wrewards,9,true
Link,close,9,false
Layout,closeSelect your delivery location WHO SHOULD WE DELIVER TOSelect a province to see a list of suburb,9,false
Text,3 FOR 2 Socks,8,true
Link,Clothing,8,false
Text,FRANCES ELLEN,8,true
Layout,Men's New In View All Mottled Hoody From: R 450.00More Details Slub Textured Knit Top From: R 450.00,8,true
Link,View All Promotions,8,true
Link,Welcome FRANCES ELLEN,8,true
Text,Continue Shopping,7,false
Link,New Arrivals,7,false
Link,RE:,7,false
Link,Style Edit,7,true
Text,Upgrade your workwear,7,true
Text,WRewardsBuy 2 Plain Tees for R200Shop selected tees,7,true
Text,Clothing New ArrivalsJackets & CoatsJeansKnitwearShirtsShortsSuitsSwimwearTops & TeesTrousers & Chin,6,true
Link,More Details,6,true
Image,Style Q&A with Siya Beyile,6,true
Link,Suits,6,false
Link,Trousers & Chinos,6,false
Image,Choose the perfect swim shorts,5,true
Link,Features,5,false
Link,More Details,5,true
Link,Read More,5,true
Link,Shirts,5,false
Link,Shoes,5,false
Link,Trousers & Chinos,5,false
Link,Trousers & Chinos,5,false
Text,WRewards,5,true
Form,selectAddressNickname,5,false
Link,Cart 0,4,false
Text,Food Women Men Kids Baby Homeware Beauty Gifts Financial Services Wrewards Today with Woolies Qualit,4,true
Link,Log in / Register,4,false
Text,Mens Athleisure,4,true
Link,More Details,4,true
Link,Shirts,4,false
Image,Slub Textured Knit Top,4,true
Link,Suits,4,false
Link,Trousers & Chinos,4,false
Text,WRewards,4,true
Link,Woolworths,4,true
Text,siteSearch,4,true
Layout,/store/,3,false
Link,About Us,3,true
Link,Account Details,3,false
Link,Bags & Wallets,3,false
Text,Cart,3,true
Link,Clothing,3,false
Link,David Jones Collection,3,false
Link,Financial Services,3,true
Text,Food,3,true
Link,Jackets & Coats,3,false
Link,Jackets & Coats,3,false
Text,Men's New In View All,3,true
Link,My Account,3,true
Link,New Arrivals,3,false
Link,Read More,3,true
Link,Read More,3,false
Link,Reserve Delivery slots,3,true
Link,Shoes,3,false
Link,Tops & Tees,3,false
Link,Trousers & Chinos,3,false
Link,Umbrellas,3,false
Link,Using Woolworths Online,3,true
Layout,grid landing__row,3,true
Layout,grid-visible--large site-header-foot__icon-wrap,3,true
Layout,product-card__image-wrap,3,true
Link,Add a new address,2,false
Link,Bags & Wallets,2,false
Link,Buy 2 Get R100 Off David Jones Pullovers,2,false
Link,Buy 2 Plain Tees for R200,2,false
Link,Buy 3 And Only Pay For 2 On Selected Single Socks,2,false
Text,Careers,2,true
Link,Careers,2,true
Link,Cart 6,2,true
Link,Casual Shoes,2,false
Link,Clothing,2,false
Link,Contact,2,true
Link,Contact Us,2,true
Layout,From: R 499.00,2,true
Text,Herschel Close,2,false
Link,Jackets & Coats,2,false
Link,Jeans,2,false
Link,Leather,2,false
Link,Logout,2,false
Link,My Lists,2,false
Text,Nivea For Men Silver Protect Shower Gel 250ml,2,false
Text,R 499.00,2,true
Link,Read More,2,true
Layout,Select your delivery location,2,false
Link,Shirts,2,false
Link,Shoes,2,false
Link,Store Locator,2,true
Image,Striped Textured Knit Top,2,true
Link,Studio. W,2,false
Text,Style Q&A with Siya Beyile,2,true
Link,Suits,2,false
Link,Sunlight Original Dishwashing Liquid 400ml,2,false
Link,Supersport,2,false
Image,Textured Crew Neck Pullover,2,false
Text,WRewards,2,true
Layout,closeSelect your delivery location,2,false
Layout,grid landing__row,2,true
Layout,grid landing__row lazyload-container,2,true
Link,woolworths.co.za/store/cat/Men/_/N-1v0jiev,2,true
Text,x Food Women Men Kids Baby Homeware Beauty Gifts Financial Services Wrewards Today with Woolies Qual,2,true
Text,0813013098,1,false
Text,6,1,true
Link,Accessories,1,false
Link,Accessories,1,false
Link,Buy 2 for R150 on Selected Single Underwear,1,false
Link,Buy 3 And Pay for 2 on Selected Mens Golfers,1,false
Text,Cape Town Central,1,true
Link,Checkout,1,true
Link,Clothing,1,false
Link,Clothing,1,false
Text,Colour:,1,true
Text,Country Road Clothing New Arrivals Jackets & Coats Jeans Knitwear Shirts Shorts Suits Tops & Tees Tr,1,false
Link,David Jones Classic,1,false
Link,Delivering to Eagle Canyon Estate Randpark Ridge,1,false
Link,"Food > Food > Snacks, Sweets & Biscuits > Chocolates",1,false
Link,Help,1,true
Text,Homens,1,false
Link,Italian Chopped Tomatoes With Herbs 4x390g,1,false
Link,Knitwear,1,false
Link,Leather,1,false
Link,Linen Cotton Marle Sweatshirt,1,false
Link,Logout,1,true
Text,Margot Hiemeleers,1,false
Image,Mottled Hoody,1,true
Link,New Arrivals,1,false
Link,New Arrivals,1,false
Link,New Arrivals,1,false
Link,Nivea For Men Sensitive Shaving Gel 200ml,1,false
Link,Read More,1,true
Link,Sandals & Flip Flops,1,false
Layout,Search,1,false
Layout,Search Suggestions:Display NameBamboo Cotton Bath SheetBamboo Cotton Hand TowelBamboo Cotton Faceclo,1,false
Layout,Selected Delivery,1,false
Text,Shirts,1,false
Link,Shirts,1,false
Link,Shirts,1,false
Link,Shorts,1,false
Layout,Show Men Clothing New ArrivalsJackets & CoatsJeansKnitwearShirtsShortsSuitsSwimwearTops & TeesTrouse,1,true
Link,Size Guides,1,true
Link,Smart Shoes,1,false
Text,Soft Knit Hoodie,1,true
Link,Store locator,1,true
Text,Striped Textured Knit Top,1,true
Text,Ties,1,false
Link,Tops & Tees,1,false
Link,Tops & Tees,1,false
Text,V-Neck Knit Pullover,1,true
Text,Ver todas as promoções,1,false
Text,WRewards,1,true
Image,Weave Design Flip Flops,1,false
Text,Welcome FRANCES ELLENAccount DetailsMy OrdersMy ListsLogout Delivering to Cape Town Central Reserve,1,true
Layout,Woolworths,1,true
Link,YouTube,1,true
Text,block-brand landing__block landing__block--half-fourth,1,true
Text,delivery-key__colour delivery-key__colour--selected,1,false
Text,fa fa-times fo-close-xyz sgsefvhuedc,1,false
Layout,grid landing__row,1,true
Layout,grid landing__row lazyload-container,1,true
Image,woolworths.co.za/images/elasticera/content/landing_pages/Men_Longer_Landing_Banners/studiow.png,1,true
Text,© 2016 Woolworths. All Rights Reserved. Terms and Conditions,1,true
Text,×,1,false
Text,×,1,false
Text,促销活动,1,false
